original_question,true_answer,true_source,part,model_full_response,model_answer,model_source,correct_answer,correct_part,correct_siman,correct_saif,correct_all
הבוקר התלבשתי במהירות ולא שמתי לב שהפכתי את החולצה שלי כך שהתפרים נראים מבחוץ. חבר אמר לי שזה לא ראוי על פי ההלכה. האם הוא צודק?,כן,"שו""ע או""ח ב':ג'","או""ח","תשובה: לא
מקור: אין איסור מפורש בשו""ע או ברמ""א ללבוש בגד כשהתפרים כלפי חוץ. השו""ע עוסק בדיני לבישת בגדים בעיקר בהקשר של כלאיים (יו""ד סימן ש'), שעטנז, ובגדי שבת וחג, אך אינו מתייחס לאופן לבישת הבגד כשהתפרים נראים מבחוץ כעניין הלכתי.",לא,"אין איסור מפורש בשו""ע או ברמ""א ללבוש בגד כשהתפרים כלפי חוץ. השו""ע עוסק בדיני לבישת בגדים בעיקר בהקשר של כלאיים (יו""ד סימן ש'), שעטנז, ובגדי שבת וחג, אך אינו מתייחס לאופן לבישת הבגד כשהתפרים נראים מבחוץ כעניין הלכתי.",False,False,False,False,False
"הבוקר נעלתי קודם את הנעל הימנית, קשרתי את השרוך שלה, ואז נעלתי את הנעל השמאלית וקשרתי אותה. האם פעלתי לפי הדין?",לא,"שו""ע או""ח ב:ד","או""ח","תשובה: לא
מקור: שו""ע או""ח ב:ד",לא,"שו""ע או""ח ב:ד",True,True,True,True,True
"בערב כשאני חוזר מהעבודה, אני נוהג לחלוץ קודם את הנעל הימנית ואחר כך את השמאלית. חבר אמר לי שאני לא נוהג לפי ההלכה. האם הוא צודק?",כן,"שו""ע או""ח ב:ה","או""ח","תשובה: כן
מקור: שו""ע או""ח ב:ה",כן,"שו""ע או""ח ב:ה",True,True,True,True,True
לעיתים כשאני קם באמצע הלילה אני הולך לשירותים בלי לשים כיפה. המרחק מהמיטה לשירותים הוא בערך חמישה מטרים. האם אני עובר על ההלכה בכך שאני הולך ללא כיסוי ראש למרחק כזה?,כן,"שו""ע או""ח ב:ו","או""ח","תשובה: לא
מקור: שו""ע או""ח ב:ו, רמ""א או""ח ב:ו

על פי הרמ""א בשולחן ערוך אורח חיים סימן ב' סעיף ו', אין איסור מעיקר הדין ללכת בגילוי ראש במרחק קצר כזה, במיוחד בבית ובשעת הצורך כמו הליכה לשירותים. הרמ""א מציין שם שאין איסור ללכת ד' אמות בגילוי ראש, אך מידת חסידות היא לכסות את הראש תמיד.",לא,"שו""ע או""ח ב:ו, רמ""א או""ח ב:ו",False,True,True,True,False
חבר שלי אמר לי שאני חייב לשפוך מים שלוש פעמים על כל יד בנטילת ידיים של הבוקר (אני נוהג לשפוך רק פעם אחת). האם אני עושה נכון?,לא,"שו""ע או""ח ד:ב","או""ח","תשובה: לא
מקור: שו""ע או""ח ד:ב",לא,"שו""ע או""ח ד:ב",True,True,True,True,True
"בבוקר כשקמתי, החזקתי את הכלי עם המים ביד שמאל ושפכתי קודם על יד ימין. האם פעלתי לפי הדין?",לא,"שו""ע או""ח ד:י","או""ח","תשובה: לא
מקור: שו""ע או""ח ד':י",לא,"שו""ע או""ח ד':י",True,True,True,True,True
למדתי כל הלילה לפני מבחן חשוב ולא ישנתי בכלל. בבוקר התלבטתי אם אני צריך ליטול ידיים כמו בכל בוקר רגיל. לבסוף נטלתי ידיים מבלי לברך. האם פעלתי כשורה?,כן,"שו""ע או""ח ד:יג","או""ח","תשובה: כן
מקור: שו""ע או""ח ד:יג",כן,"שו""ע או""ח ד:יג",True,True,True,True,True
"חבר שלי נוהג לישון צהריים שעתיים בקביעות, ולאחר שהוא מתעורר הוא נוטל את ידיו שלוש פעמים עם ברכה ""על נטילת ידיים"". הוא אמר לי שכך המנהג לאחר שינת קבע ביום. האם הוא נוהג לפי הדין?",לא,"שו""ע או""ח ד:טו","או""ח","תשובה: מחלוקת שו""ע-רמ""א
מקור: שו""ע או""ח ד':טו","מחלוקת שו""ע-רמ""א","שו""ע או""ח ד':טו",False,True,True,True,False
"חבר שלי אמר לי שכשהוא מזכיר את השם בתפילות ובברכות, הוא חושב על כך שהשם נמצא בכל מקום בעולם. האם זאת הכוונה הנכונה על פי ההלכה?",לא,"שו""ע או""ח ה:א","או""ח","תשובה: לא
מקור: שו""ע או""ח ה:א",לא,"שו""ע או""ח ה:א",True,True,True,True,True
"חבר אמר לי שברכת ""אשר יצר"" מברכים רק אחרי שעושים צרכים גדולים ולא אחרי הטלת מי רגליים. האם זה באמת כך לפי ההלכה?",לא,"שו""ע או""ח ו:א","או""ח","תשובה: לא
מקור: שו""ע או""ח ז:א",לא,"שו""ע או""ח ז:א",True,True,False,True,False
שכן שלי נוהג לברך על הטלית בעמידה ולאחר מכן הוא מתיישב ומתעטף בטלית כי הוא אומר שכך נוח לו יותר לסדר את הטלית היטב (כשהוא יושב). האם הנוהג שלו תואם את ההלכה?,לא,"שו""ע או""ח ח:א","או""ח","תשובה: לא
מקור: שו""ע או""ח ח:א",לא,"שו""ע או""ח ח:א",True,True,True,True,True
"לפני כמה ימים קניתי טלית קטן חדש. כשלבשתי אותו בפעם הראשונה, בירכתי ""להתעטף בציצית"". חבר אמר לי שיש לברך ""על מצוות ציצית"" על טלית קטן, ולא ""להתעטף"". האם החבר שלי צודק?","מחלוקת שו""ע-רמ""א","שו""ע או""ח ח:ו","או""ח","תשובה: מחלוקת שו""ע-רמ""א
מקור: שו""ע או""ח ח':ו'","מחלוקת שו""ע-רמ""א","שו""ע או""ח ח':ו'",True,True,True,True,True
"בבית הכנסת ראיתי מתפלל שלפני שהוא מתעטף בטלית, הוא מקדיש זמן להפריד את חוטי הציצית בידיו. חבר שלי אמר שזאת ""חומרה"" ואין צורך לעשות זאת. האם המתפלל נוהג לפי ההלכה?",כן,"שו""ע או""ח ח:ז","או""ח","תשובה: כן
מקור: שו""ע או""ח ח':ז'",כן,"שו""ע או""ח ח':ז'",True,True,True,True,True
"בכל בוקר כשאני מתעטף בטלית, אני מכוון שה' ציווה אותנו להתעטף בציצית. האם זאת אכן הכוונה הרצויה?",לא,"שו""ע או""ח ח:ח","או""ח","תשובה: כן
מקור: שו""ע או""ח ח':ח'",כן,"שו""ע או""ח ח':ח'",False,True,True,True,False
"התגלע ויכוח בבית הכנסת בין שני מתפללים לגבי בדיקת הציצית. משה טוען שחייבים לבדוק את חוטי הציצית לפני כל ברכה בכל יום כדי לוודא שלא נקרעו, ואילו דוד טוען שאפשר לסמוך על הבדיקה שנעשתה בזמן הקנייה ואין צורך לבדוק מחדש כל יום אלא רק מדי פעם. התערבתי בוויכוח ואמרתי שדוד צודק כי זה סתם חומרה מיותרת לבדוק כל יום. האם צדקתי?",לא,"שו""ע או""ח ח:ט","או""ח","תשובה: לא
מקור: שו""ע או""ח ח':ט'

על פי השולחן ערוך באורח חיים סימן ח' סעיף ט', יש לבדוק את הציציות בכל פעם לפני הברכה כדי לוודא שהן כשרות. אמנם הרמ""א לא חולק שם, אך מוסיף שבטלית שלובש בכל יום, אם בדקו פעם אחת אין צריך לבדוק בכל פעם שלובשו, אלא מזמן לזמן בלבד. לכן משה צדק שיש לבדוק באופן קבוע, אך לא בהכרח לפני כל ברכה בכל יום, ולא צדקת בקביעה שזו ""חומרה מיותרת"".",לא,"שו""ע או""ח ח':ט'",True,True,True,True,True
"בבוקר התעטפתי בטלית והתפללתי. באמצע התפילה נאלצתי להוריד את הטלית לרגע כדי לסדר את החולצה שלי, כאשר בכוונתי היה לחזור ולהתעטף בה מיד. כשחזרתי והתעטפתי בה, לא ברכתי שוב על הטלית כי חשבתי שהברכה הראשונה עדיין תקפה. האם פעלתי לפי הדין?","מחלוקת שו""ע-רמ""א","שו""ע או""ח ח:יד","או""ח","תשובה: כן
מקור: שו""ע או""ח ח':יד",כן,"שו""ע או""ח ח':יד",False,True,True,True,False
"הטלית שלי נפלה לגמרי על הרצפה בלי כוונה במהלך התפילה. כשהרמתי אותה והתעטפתי בה מחדש, לא בירכתי שוב כי חשבתי שהברכה הראשונה עדיין תקפה. האם פעלתי לפי הדין?",לא,"שו""ע או""ח ח:טו","או""ח","תשובה: כן
מקור: שו""ע או""ח ח':יד",כן,"שו""ע או""ח ח':יד",False,True,True,False,False
"קניתי טלית קטן חדשה ולבשתי אותה למשך שעה בלבד כדי לבדוק איך היא מרגישה על הגוף, למרות שעדיין לא קשרתי לה ציציות. האם פעלתי לפי ההלכה?",לא,"שו""ע או""ח ח:יז","או""ח","תשובה: לא
מקור: שו""ע או""ח י""ג:א, ורמ""א שם",לא,"שו""ע או""ח י""ג:א, ורמ""א שם",True,True,False,False,False
"קניתי בגד עם ארבע כנפות העשוי מכותנה וחיברתי לו ציציות. חבר אמר לי שאין חיוב מהתורה לשים ציציות בבגד כזה, אלא רק בבגדים העשויים מצמר או מפשתן. האם הוא צודק?","מחלוקת שו""ע-רמ""א","שו""ע או""ח ט:א","או""ח","תשובה: לא
מקור: שו""ע או""ח ט:א

הסבר: השולחן ערוך בסימן ט' סעיף א' פוסק שכל סוגי הבגדים חייבים בציצית, כולל בגדים העשויים משאר מינים (לא רק צמר ופשתים). לכן בגד כותנה עם ארבע כנפות חייב בציצית מהתורה.",לא,"שו""ע או""ח ט:א",False,True,True,True,False
אני לובש צעיף דקורטיבי מודרני סביב הצוואר בימים קרים. חבר אמר לי שאני צריך לבדוק כי יש מצב שהוא חייב בציצית. האם הצעיף שלי חייב בציצית?,לא,"שו""ע או""ח י:יא","או""ח","תשובה: לא
מקור: שו""ע או""ח ט:א, י:א

הסבר: על פי שולחן ערוך, בגד חייב בציצית רק אם יש לו ארבע כנפות (או יותר) ומשמש ללבישה על הגוף. צעיף רגיל לצוואר אינו בעל ארבע כנפות ולכן אינו חייב בציצית.",לא,"שו""ע או""ח ט:א, י:א",True,True,False,False,False
קניתי חוטי צמר רגילים מחנות בדים בשוק והשתמשתי בהם לקשירת ציצית בטלית שלי. שעת הקשירה כיוונתי לשם מצווה. האם הטלית שלי כשרה?,לא,"שו""ע או""ח יא:א","או""ח","תשובה: לא
מקור: שו""ע או""ח י""א:א",לא,"שו""ע או""ח י""א:א",True,True,True,True,True
"ביקשתי מחבר גוי שיטווה חוטים לציצית שלי. עמדתי לידו והוריתי לו שיעשה את הטוויה לשם מצוות ציצית, אבל לא עזרתי לו בטוויה עצמה. האם הציצית כשרה?","מחלוקת שו""ע, מחלוקת שו""ע-רמ""א","שו""ע או""ח יא:ב","או""ח","תשובה: לא
מקור: שו""ע או""ח י""א:א",לא,"שו""ע או""ח י""א:א",False,True,True,False,False
"בזמן שקניתי טלית חדשה, הוספתי חוט נוסף לציציות מעבר לארבעה חוטים כפולים בכל כנף, כי חשבתי שיותר חוטים זה יותר הידור במצווה. האם בדיעבד הטלית כשרה?",לא,"שו""ע או""ח יא:יב","או""ח","תשובה: לא
מקור: שו""ע או""ח י""א:יב",לא,"שו""ע או""ח י""א:יב",True,True,True,True,True
"ביקשתי מהשכן שלי, שהוא גוי, לקשור את הציציות בטלית החדשה שלי כי הוא קושר קשרים בצורה מאוד יפה ומדויקת. האם הטלית כשרה לפי ההלכה?",לא,"שו""ע או""ח יד:א","או""ח","תשובה: לא
מקור: שו""ע או""ח י""ד:א",לא,"שו""ע או""ח י""ד:א",True,True,True,True,True
"הגעתי לבית הכנסת ושכחתי את הטלית שלי בבית. ראיתי טלית של חבר מונחת על הכיסא לידי והשתמשתי בה לתפילה. בסיום התפילה החזרתי אותה כפי שמצאתי אותה, מקופלת. חבר אמר לי שאסור להשתמש בחפצים של אחרים ללא רשות. האם פעלתי לפי הדין?",כן,"שו""ע או""ח יד:ד","או""ח","תשובה: לא
מקור: שו""ע חו""מ שנ""ט:ה",לא,"שו""ע חו""מ שנ""ט:ה",False,False,False,False,False
"בזמן שהייתי בבית המדרש, רציתי ללמוד מספר פרשנות מסוים שלא היה ברשותי. ראיתי שלחברי יש את הספר הזה, ומכיוון שהוא לא היה שם באותו זמן, לקחתי את הספר ולמדתי ממנו כשעה והחזרתי אותו למקומו. האם פעלתי לפי הדין?",לא,"שו""ע או""ח יד:ד","או""ח","תשובה: לא
מקור: שו""ע חו""מ שנ""ט:ב, שס""ג:ו",לא,"שו""ע חו""מ שנ""ט:ב, שס""ג:ו",True,False,False,False,False
"הבד של הטלית שלי נקרע באופן שאי אפשר לתקן אותו, אז הסרתי את כל חוטי הציצית ממנה והשתמשתי בהם לטלית חדשה שקניתי. חבר אמר לי שאסור להשתמש בחוטי ציצית מטלית אחת לשנייה. האם פעלתי לפי ההלכה?",כן,"שו""ע או""ח טו:א","או""ח","תשובה: לא
מקור: שו""ע או""ח ט""ו:א",לא,"שו""ע או""ח ט""ו:א",False,True,True,True,False
"סבא שלי נפטר לפני מספר שבועות והטלית שלו נשארה אצלנו. מאחר והטלית עצמה היתה בלויה ואי אפשר היה להשתמש בה, הסרתי את חוטי הציצית מהטלית של סבא כדי לשמור אותם למזכרת. אחי טען שאסור להסיר ציציות מטלית של אדם שנפטר. האם אח שלי צודק?",לא,"שו""ע או""ח טו:א","או""ח","תשובה: לא
מקור: שו""ע או""ח כ""א:א

לפי השולחן ערוך, מותר להתיר ציציות מבגד אחד ולהטילם בבגד אחר, ואין איסור מיוחד לגבי טלית של מת. הרמ""א אינו חולק על דין זה. אמנם לגבי ציציות עצמן, השו""ע מציין שיש להניחם בגניזה מפני שהם תשמישי מצווה, אך אין איסור להסירם מהטלית.",לא,"שו""ע או""ח כ""א:א",True,True,False,True,False
"לפני שהטלתי ציציות לטלית חדשה שקניתי, בירכתי ""אשר קדשנו במצוותיו וציוונו להטיל ציצית"". האם עשיתי נכון?",לא,"שו""ע או""ח יט:א","או""ח","תשובה: לא
מקור: שו""ע או""ח י""ד:א",לא,"שו""ע או""ח י""ד:א",True,True,False,True,False
נקרעו לי כמה חוטים מהציצית של הטלית שלי. הסרתי את החוטים הקרועים וזרקתי אותם לפח האשפה הרגיל. חבר שלי ראה זאת ואמר שזה לא מכבד את המצווה וצריך לגנוז אותם. האם החבר שלי צודק?,"מחלוקת שו""ע-רמ""א","שו""ע או""ח כא:א","או""ח","תשובה: כן
מקור: שו""ע או""ח כ""א:א",כן,"שו""ע או""ח כ""א:א",False,True,True,True,False
"אני לא נוהג ללבוש טלית קטן באופן קבוע, אבל אני מקפיד ללבוש אותו בזמן התפילה בבוקר. חבר אמר לי שאני חייב ללבוש טלית קטן כל היום ולא רק בזמן התפילה. האם אני מחויב על פי הדין ללבוש טלית קטן כל היום?",לא,"שו""ע או""ח כד:א","או""ח","תשובה: לא
מקור: שו""ע או""ח כ""ד:א",לא,"שו""ע או""ח כ""ד:א",True,True,True,True,True
בזמן קריאת שמע בתפילת שחרית אני מקפיד לאחוז את הציציות ביד ימין שלי ולהניח אותן על הלב. חבר העיר לי שאני עושה את זה לא נכון. האם הוא צודק?,כן,"שו""ע או""ח כד:ב","או""ח","תשובה: כן
מקור: שו""ע או""ח כ""ד:ב

על פי השולחן ערוך באורח חיים סימן כ""ד סעיף ב', בשעת קריאת שמע יש לאחוז הציציות ביד שמאל כנגד הלב, ולא ביד ימין כפי שאתה נוהג. לכן חברך צודק שאינך עושה זאת כראוי לפי ההלכה.",כן,"שו""ע או""ח כ""ד:ב",True,True,True,True,True
"בבית הכנסת שלנו, אחד המתפללים העיר לי שכאשר מגיעים למילים ""וראיתם אותו"" בקריאת שמע, יש חובה הלכתית להסתכל בציציות ולשים אותן על העיניים. האם הוא צודק בטענתו?",לא,"שו""ע או""ח כד:ד","או""ח","תשובה: לא
מקור: שו""ע או""ח כ""ד:ד

ההלכה אכן מזכירה שיש לאחוז את הציציות בשעת קריאת ""וראיתם אותו"" ולהסתכל בהן, אך אין זו חובה גמורה אלא מנהג טוב. השולחן ערוך קובע שנוהגים להסתכל בציציות בשעת קריאת פרשת ציצית ולהעביר אותן על העיניים, אך אין זו חובה הלכתית מוחלטת.",לא,"שו""ע או""ח כ""ד:ד",True,True,True,True,True
"בשבוע הבא אני עומד לקדש את ארוסתי בטקס החופה שלנו. חשבתי לקדש אותה בענק (שרשרת) זהב יקרה במקום טבעת, כי יש לי שרשרת משפחתית עם ערך סנטימנטלי. האם מותר לי לקדש בשרשרת זהב במקום בטבעת?",לא,"שו""ע אה""ע כז:א","אה""ע","תשובה: לא
מקור: שו""ע אה""ע כ""ז:א

ההלכה קובעת שאף שניתן לקדש אישה בכל דבר שווה פרוטה, המנהג המקובל והראוי הוא לקדש בטבעת דווקא. השולחן ערוך באבן העזר סימן כ""ז סעיף א' מציין שהמנהג לקדש בטבעת, וכך נפסק להלכה. לא מומלץ לשנות ממנהג זה, גם אם יש לשרשרת ערך סנטימנטלי.",לא,"שו""ע אה""ע כ""ז:א",True,True,True,True,True
"אתמול בחתונה של חבר, אחת האורחות, רווקה דתית, ניגשה לרב וביקשה להתקדש לבחור שפגשה באירוע. היא הוציאה מארנקה שטר של 100 ש""ח, נתנה לבחור ואמרה בפני עדים ""הריני מקודשת לך בכסף זה"". האם הקידושין תקפים מבחינה הלכתית?",לא,"שו""ע אה""ע כז:ז","אה""ע","תשובה: לא
מקור: שו""ע אה""ע כ""ז:א",לא,"שו""ע אה""ע כ""ז:א",True,True,True,False,False
"לאחרונה כשהייתי בבית חברים, בן הזוג שלי הפתיע אותי וביקש לקדש אותי במקום. הוא לא נתן את הטבעת ישירות לידי, אלא זרק אותה לתוך התיק שלי שהיה מונח לידי. האם אני נחשבת מקודשת על פי ההלכה?",כן,"שו""ע אה""ע ל:א","אה""ע","תשובה: לא
מקור: שו""ע אה""ע כ""ז:א",לא,"שו""ע אה""ע כ""ז:א",False,True,False,True,False
"אני עומד לערוך חתונה בשבוע הבא וכתבתי את שטר הקידושין. אמרתי לרב שאני רוצה שהוא יהיה מנוסח באופן מינימלי ויפה ללא פרטים מיותרים, ולכן לא ציינתי את שמותינו המלאים (שלי ושל כלתי) בשטר הקידושין. האם זה מקובל על פי ההלכה?",לא,"שו""ע אה""ע לב:ד","אה""ע","תשובה: לא
מקור: שו""ע אה""ע קל""א:ד-ה",לא,"שו""ע אה""ע קל""א:ד-ה",True,True,False,True,False
"התארסתי אתמול עם בת זוגי במעמד של חמישה אנשים בלבד (הורינו וחבר משותף), ורב ערך לנו את טקס האירוסין ובירך את ברכת האירוסין. אחי הגדול, שלא הצליח להגיע, טען שהיינו צריכים לדאוג לעשרה אנשים לפחות בטקס. האם הוא צודק?",כן,"שו""ע אה""ע לד:ד","אה""ע","תשובה: מחלוקת שו""ע-רמ""א
מקור: שו""ע אה""ע ל""ד:א

לפי השולחן ערוך (אבן העזר סימן ל""ד סעיף א') ברכת אירוסין נאמרת בעשרה, אך הרמ""א מוסיף שם שיש אומרים שאין צריך עשרה, ואפשר לברך גם בפחות מכך.","מחלוקת שו""ע-רמ""א","שו""ע אה""ע ל""ד:א",False,True,True,False,False
החלטתי לשלוח את חברי להעביר טבעת קידושין לארוסתי שנמצאת בעיר אחרת. חברי הוא ילד בן 12 שאני סומך עליו מאוד. האם מבחינה הלכתית הוא יכול לשמש כשליח קידושין עבורי?,לא,"שו""ע אה""ע לה:ו","אה""ע","תשובה: לא
מקור: שו""ע אה""ע ל""ה:ו",לא,"שו""ע אה""ע ל""ה:ו",True,True,True,True,True
"התארסתי עם חברתי, ובמעמד הקידושין הצבתי תנאי שהיא תסיים את לימודי התואר שלה בתוך שנתיים כדי שהקידושין יהיו תקפים. עברו שלוש שנים והיא עדיין לא סיימה את התואר. האם אנחנו נחשבים מקודשים על פי ההלכה?",לא,"שו""ע אה""ע לח:א","אה""ע","תשובה: לא
מקור: שו""ע אה""ע ל""ח:א-ג",לא,"שו""ע אה""ע ל""ח:א-ג",True,True,True,True,True
"בחתונה של חברים, החתן הפתיע את הכלה בטבעת יקרה במיוחד שקנה לה. הכלה התביישה מאוד מהמחווה הפומבית ולא רצתה לקבל את הטבעת, אך החתן התעקש ושם את הטבעת על אצבעה למרות התנגדותה. האם הקידושין תקפים במקרה כזה?",לא,"שו""ע אה""ע מב:א","אה""ע","תשובה: לא
מקור: שו""ע אה""ע כ""ז:ח",לא,"שו""ע אה""ע כ""ז:ח",True,True,False,False,False
"הוזמנתי לחתונה של חברים קרובים שלי. האם יש לי מצווה לשמח את החתן והכלה על ידי ריקודים במהלך האירוע, או שמספיק שאגיע ואשב עם האורחים?",כן,"שו""ע אה""ע סה:א","אה""ע","תשובה: כן
מקור: שו""ע אבן העזר ס""ה:א",כן,"שו""ע אבן העזר ס""ה:א",True,True,True,True,True
אני עומד להתחתן בשבוע הבא ושמעתי שיש מנהג לשים אפר על ראש החתן ביום החתונה. אני לא בטוח איפה בדיוק צריך לשים את האפר. האם נכון שצריך לשים את האפר דווקא במקום שבו מניחים תפילין של ראש?,כן,"שו""ע אה""ע סה:ג","אה""ע","תשובה: כן
מקור: שו""ע או""ח תק""ס:ב",כן,"שו""ע או""ח תק""ס:ב",True,False,False,False,False
אני הורה גרוש וילדיי בני 4 ו-5 נמצאים במשמורת משותפת. האם אני מחויב מבחינה הלכתית להמשיך לשלם מזונות עבור ילדיי למרות שהם מבלים חצי מהזמן אצלי וחצי אצל גרושתי?,כן,"שו""ע אה""ע עא:א","אה""ע","תשובה: כן
מקור: שו""ע אה""ע ע""א:א",כן,"שו""ע אה""ע ע""א:א",True,True,True,True,True
"אשתי נפלה וסבלה מפריקה בכתף. האורתופד המליץ על סדרת טיפולי פיזיותרפיה שעלותם אינה ידועה מראש ותלויה בהתקדמות הריפוי. האם לפי ההלכה אני מחויב לשלם עבור כל הטיפולים, גם אם יימשכו זמן רב ויעלו סכום גבוה?",כן,"שו""ע אה""ע עט:א","אה""ע","תשובה: כן
מקור: שו""ע אה""ע ע""ט:א",כן,"שו""ע אה""ע ע""ט:א",True,True,True,True,True
"אני עומד לסדר גט לאשתי, ויש לי שני שמות שקוראים לי בהם - משה ומיכאל. בבית ובמשפחה קוראים לי יותר ""משה"", אבל בעבודה ובקהילה כולם מכירים אותי כ""מיכאל"". איזה שם עליי לכתוב בגט?",כן (כותבים את השם שרגילים בו יותר),"שו""ע אה""ע קכט:א","אה""ע","תשובה: מחלוקת שו""ע-רמ""א
מקור: שו""ע אבן העזר קכ""ט:א","מחלוקת שו""ע-רמ""א","שו""ע אבן העזר קכ""ט:א",False,True,True,True,False
"אני בתהליך גירושין מבעלי, ובעוד שבוע יתקיים מעמד סידור הגט בבית הדין. חברה שעברה את התהליך סיפרה לי שבעלה אמר לה משפט מסוים בעת מסירת הגט. האם בעלי צריך לומר לי באופן מפורש ""הרי את מגורשת ממני בגט זה ומותרת לכל אדם"" בזמן מסירת הגט?",כן,"שו""ע אה""ע קלו:ג","אה""ע","תשובה: כן
מקור: שו""ע אבה""ע קל""ו:א",כן,"שו""ע אבה""ע קל""ו:א",True,True,True,False,False
"אני עומד להתחתן בשבוע הבא, והחתונה נקבעה לשעה 19:00. האם לפי ההלכה אני והכלה צריכים להתענות ביום החתונה, או שמא זהו רק מנהג שאפשר להקל בו?",כן,"שו""ע אה""ע סא:א","אה""ע","תשובה: כן
מקור: שו""ע אה""ע ס""א:א",כן,"שו""ע אה""ע ס""א:א",True,True,True,True,True
אני מתחתן בשבוע הבא ומתלבט לגבי מיקום החופה. האולם שבחרנו מציע לערוך את החופה בתוך האולם המקורה או בגן הפתוח שמחוץ לאולם. האם יש עדיפות הלכתית לערוך את החופה דווקא בחוץ תחת כיפת השמים?,כן,"שו""ע אה""ע סא:א","אה""ע","תשובה: כן
מקור: שו""ע אה""ע ס""א:א ובהגהת הרמ""א שם",כן,"שו""ע אה""ע ס""א:א ובהגהת הרמ""א שם",True,True,True,True,True
התארסתי לאחרונה ואנחנו מתכננים את טקס החופה שלנו. חברי אמר לי שחייבים לערוך טקס נוסף עם ברכות מספר ימים לפני החתונה עצמה בבית שלי. האם זה נכון שיש חובה הלכתית לקיים טקס ברכות לפני החופה?,כן,"שו""ע אה""ע סב:א","אה""ע","תשובה: לא
מקור: שו""ע אה""ע ס""א:א

בשולחן ערוך אין חובה לקיים טקס ברכות מקדים לפני החופה. השו""ע מתאר את טקס הקידושין והנישואין עצמם, אך אינו מזכיר חובה לערוך טקס ברכות נפרד ימים לפני החתונה. המנהג שחברך התייחס אליו עשוי להיות קשור ל""שבת חתן"" או מנהגים אחרים, אך אלו אינם חובה הלכתית על פי השולחן ערוך.",לא,"שו""ע אה""ע ס""א:א",False,True,False,True,False
"התחתנתי לפני שלושה ימים עם אשתי שהייתה בתולה, וקיבלתי הצעת עבודה דחופה שמתחילה מחר. האם מותר לי לקבל את העבודה ולהתחיל לעבוד כבר מחר, למרות שטרם עברו שבעה ימים מהחתונה?",לא,"שו""ע אה""ע סד:א","אה""ע","תשובה: לא
מקור: שו""ע אבן העזר ס""ד:א",לא,"שו""ע אבן העזר ס""ד:א",True,True,True,True,True
"אחותי התארסה לפני חודש, והחתונה מתוכננת לעוד שבועיים. בשל בעיות לוגיסטיות, הציעו שהחתן יכתוב את הכתובה יום לפני החתונה, והם יתייחדו במקום פרטי לאחר טקס הקידושין אך לפני חתימת הכתובה. האם מותר להם להתייחד באופן זה?",לא,"שו""ע אה""ע סו:א","אה""ע","תשובה: לא
מקור: שו""ע אה""ע נ""ה:א",לא,"שו""ע אה""ע נ""ה:א",True,True,False,True,False
"אני מפרנס את אשתי בכל צרכיה, אך לאחרונה היא התלוננה שהבגדים שאני קונה לה אינם ברמה המקובלת בקהילה שלנו. לטענתה, נשים אחרות בסטטוס דומה לשלנו לובשות בגדים יקרים יותר. האם אני מחויב לקנות לה בגדים לפי הסטנדרט המקובל באזור מגורינו?",כן,"שו""ע אה""ע עג:א","אה""ע","תשובה: כן
מקור: שו""ע אה""ע ע:ג",כן,"שו""ע אה""ע ע:ג",True,True,False,False,False
"בקהילה שלנו יש ויכוח לגבי מינוי שופטת בבית דין לממונות שהקמנו לאחרונה. מכיוון שהמועמדת היא עורכת דין בעלת ידע רב בהלכה ובדיני ממונות, חלק מהחברים טוענים שאין סיבה שלא תשמש כדיינת. האם על פי ההלכה מותר למנות אישה לתפקיד דיינת?",לא,"שו""ע חו""מ ז:א","חו""מ","תשובה: לא
מקור: שו""ע חו""מ ז':ד",לא,"שו""ע חו""מ ז':ד",True,True,True,False,False
"אני תלמיד בכולל ואתמול ישבתי בשיעור של הרב שלי. במהלך השיעור הרב דן בסכסוך ממוני בין שני אנשים, והתכוון לפסוק לחובת אדם עני. ראיתי נקודה הלכתית שיכולה לזכות את העני, אך חששתי להעיר. האם עלי להעיר לרב ולציין את הזכות שראיתי לטובת העני?",כן,"שו""ע חו""מ ט:ז","חו""מ","תשובה: כן
מקור: שו""ע חו""מ י""ז:ח",כן,"שו""ע חו""מ י""ז:ח",True,True,False,False,False
"אני דיין בבית דין קטן בקהילה שלנו, ואתמול הגיע אלי סכסוך בין שכנים על סכום פעוט של כמה שקלים בלבד. האם עלי להתייחס לדין זה באותה רצינות ולהקדיש לו את אותה תשומת הלב כמו לסכסוך על סכום גדול?",כן,"שו""ע חו""מ י:ד","חו""מ","תשובה: כן
מקור: שו""ע חו""מ י""ז:א",כן,"שו""ע חו""מ י""ז:א",True,True,False,False,False
"אני ושכני מסוכסכים על נזק שהוא גרם לגדר המשותף שלנו. הגענו לבית דין לדיון, והדיין שאל אותנו בתחילה אם אנחנו מעוניינים בדין או בפשרה. האם הדיין נהג כראוי על פי ההלכה כשהציע לנו פשרה כבר בתחילת הדיון?",כן,"שו""ע חו""מ יב:ב","חו""מ","תשובה: כן
מקור: שו""ע חו""מ י""ב:ב",כן,"שו""ע חו""מ י""ב:ב",True,True,True,True,True
"אני דיין בבית דין ולפני כמה תיקים שמחכים לדיון: תביעה של אלמנה, תביעה של יתום, תביעה של תלמיד חכם, תביעה של אישה רגילה ותביעה של איש פשוט. איני בטוח מהו סדר העדיפות הנכון לפי ההלכה לטיפול בתיקים אלו. האם עלי לדון קודם בתביעה של היתום?",כן,"שו""ע חו""מ טו:ב","חו""מ","תשובה: כן
מקור: שו""ע חו""מ ט""ו:א",כן,"שו""ע חו""מ ט""ו:א",True,True,True,False,False
"חברי ביקש ממני להעיד בבית הדין על שיחה שהייתה בינו לבין שותפו העסקי, בה הבטיח לו השותף תשלום מסוים עבור עבודה שביצע. אני הייתי נוכח באותה שיחה ושמעתי את ההבטחה. האם אני מחויב על פי ההלכה להעיד לטובתו כשהוא מבקש זאת ממני?",כן,"שו""ע חו""מ כח:א","חו""מ","תשובה: כן
מקור: שו""ע חו""מ כ""ח:א",כן,"שו""ע חו""מ כ""ח:א",True,True,True,True,True
"הייתי עד בבית דין בתביעה ממונית בין שני שכנים. לאחר שסיימתי את עדותי ויצאתי מהחדר, נזכרתי בפרט חשוב ששכחתי לציין שעשוי לשנות את התוצאה. האם אני יכול לחזור לבית הדין ולתקן את עדותי?",לא,"שו""ע חו""מ כט:א","חו""מ","תשובה: לא
מקור: שו""ע חו""מ כ""ט:א",לא,"שו""ע חו""מ כ""ט:א",True,True,True,True,True
"אני וחבר שלי היינו עדים לתאונת פגע וברח. בגלל אילוצי זמן, אני הלכתי להעיד בבית דין בעיר שלי, וחברי העיד בבית דין אחר בעיר מגוריו. האם שתי העדויות שלנו יכולות להצטרף יחד לעדות אחת תקפה?",כן,"שו""ע חו""מ ל:יא","חו""מ","תשובה: לא
מקור: שו""ע חו""מ ל':א",לא,"שו""ע חו""מ ל':א",False,True,True,False,False
"אני משמש כדיין בבית דין, והיום הגיע לפנינו מקרה של סכסוך עסקי בין שני אנשים. אחד הצדדים הביא כעד את אבי חתנו (כלומר, אבי הכלה של בנו). האם אני יכול לשבת בדין ולהסתמך על עדותו של אבי הכלה בפסיקה?","מחלוקת שו""ע-רמ""א","שו""ע חו""מ לג:ו","חו""מ","תשובה: לא
מקור: שו""ע חו""מ ל""ג:ג",לא,"שו""ע חו""מ ל""ג:ג",False,True,True,False,False
חברי שנמצא במצב כלכלי קשה פנה אליי וביקש עזרה. יש לי אפשרות לתת לו סכום כסף כצדקה או להציע לו הלוואה באותו סכום (שיחזיר כשמצבו ישתפר). מה עדיף מבחינה הלכתית - לתת לו את הכסף כמתנה או להלוות לו?,כן (עדיף להלוות),"שו""ע חו""מ צז:א","חו""מ","תשובה: מחלוקת שו""ע-רמ""א
מקור: שו""ע יו""ד רמ""ט:ו","מחלוקת שו""ע-רמ""א","שו""ע יו""ד רמ""ט:ו",False,False,False,False,False
"לוויתי כסף מחבר, וכעת הוא מבקש שאחזיר לו את ההלוואה. אמרתי לו שאני זקוק לזמן כדי למכור נכס שיש לי כדי להשיג את הכסף להחזר. האם על פי ההלכה מגיע לי זמן של 30 יום להשיג את הכסף?",כן,"שו""ע חו""מ ק:א","חו""מ","תשובה: כן
מקור: שו""ע חו""מ ק:א",כן,"שו""ע חו""מ ק:א",True,True,True,True,True
"לוויתי סכום כסף מחבר והתחייבתי להחזיר לו בסוף החודש. עכשיו הגיע מועד הפירעון, ויש לי בבעלותי רהיטים יקרים ואפילו קרקע קטנה שירשתי, אבל אין לי כרגע מזומנים. האם אני יכול להציע לחבר לקחת את הרהיטים או חלק מהקרקע במקום הכסף שאני חייב לו?",לא,"שו""ע חו""מ קא:א","חו""מ","תשובה: לא
מקור: שו""ע חו""מ ק""א:א",לא,"שו""ע חו""מ ק""א:א",True,True,True,True,True
"הלוויתי כסף לחבר והוא אינו מסוגל להחזיר לי את החוב. בית הדין החליט לשום את הקרקע שלו לטובת החזר החוב. טענתי שצריך להעריך את הקרקע לפי ערכה העתידי שצפוי לעלות בחודשים הקרובים, האם אני צודק?",לא,"שו""ע חו""מ קג:א","חו""מ","תשובה: לא
מקור: שו""ע חו""מ ק""א:ה",לא,"שו""ע חו""מ ק""א:ה",True,True,False,False,False
"לויתי כסף משני חברים ובגלל קשיים כלכליים אני לא יכול להחזיר לשניהם את החוב במלואו. אחד החברים שלח את גיסו לביתי בזמן שלא הייתי, והוא לקח את המחשב הנייד שלי כדי להבטיח את החזר החוב לחבר שלו. האם הוא רשאי לעשות זאת?",לא,"שו""ע חו""מ קה:א","חו""מ","תשובה: לא
מקור: שו""ע חו""מ צ""ז:ו",לא,"שו""ע חו""מ צ""ז:ו",True,True,False,False,False
"אבי ז""ל נפטר לפני חודש והשאיר אחריו חוב לספק הריהוט שלו. אני ואחי ירשנו ממנו דירה קטנה. הספק פנה אלינו בדרישה שנשלם את החוב. האם אנחנו מחויבים על פי ההלכה לשלם את חובו של אבינו?",כן,"שו""ע חו""מ קז:א","חו""מ","תשובה: כן
מקור: שו""ע חו""מ ק""ז:א",כן,"שו""ע חו""מ ק""ז:א",True,True,True,True,True
"בשיחה עם חבר לעבודה, התבדחתי על חזרתו בתשובה וקראתי לו ""חוזר בשאלה"" בטון מזלזל. הוא נפגע מאוד ואמר שפגעתי בו. האם עברתי על איסור אונאת דברים לפי ההלכה?",כן,"שו""ע חו""מ רכח:א","חו""מ","תשובה: כן
מקור: שו""ע חו""מ רכ""ח:א",כן,"שו""ע חו""מ רכ""ח:א",True,True,True,True,True
"בכיתה אצלנו יש תלמיד שכולם קוראים לו ""ג'ינג'י"" בגלל צבע שיערו, והוא נראה שהתרגל לזה. אתמול קראתי לו כך כשהוא טעה בתשובה בכיתה כדי להביך אותו קצת. האם עברתי על איסור בכך?",כן,"שו""ע חו""מ רכח:ה","חו""מ","תשובה: כן
מקור: שו""ע חו""מ תכ""ח:ה",כן,"שו""ע חו""מ תכ""ח:ה",True,True,False,True,False
"בטיול השנתי של הכיתה של בני, החליטו התלמידים לעשות מתיחה לחבר שלהם ולקחת את התיק שלו ולהחביא אותו. בני שיתף אותי ואמר שהם התכוונו להחזיר את התיק בסוף היום ושזה היה רק בצחוק. האם מותר לעשות זאת מבחינה הלכתית?",לא,"שו""ע חו""מ שמח:א","חו""מ","תשובה: לא
מקור: שו""ע חו""מ שמ""ח:א",לא,"שו""ע חו""מ שמ""ח:א",True,True,True,True,True
"בשוק הפשפשים, מוכר הציע לי שעון יוקרתי במחיר מאוד נמוך. כשהתעניינתי, הוא לחש באוזני שהשעון ""נלקח"" ממחסן של חנות מותגים. האם מותר לי לקנות את השעון במחיר המציאה הזה?",לא,"שו""ע חו""מ שנו:א","חו""מ","תשובה: לא
מקור: שו""ע חו""מ שנ""ו:א",לא,"שו""ע חו""מ שנ""ו:א",True,True,True,True,True
קניתי לאחרונה בית חדש ובחצר האחורית יש מבנה קטן שאני משתמש בו רק לאחסון כלי עבודה וציוד גינה. האם אני מחויב לבנות מעקה על גג המבנה הזה?,לא,"שו""ע חו""מ תכז:א","חו""מ","תשובה: כן
מקור: שו""ע חו""מ תכ""ז:א",כן,"שו""ע חו""מ תכ""ז:א",False,True,True,True,False
"אני אשה שלמדה הלכות שחיטה והתאמנתי רבות, ועתה ברצוני לשחוט עופות בחצר ביתי לצורך משפחתי. בעלי טוען שנשים אינן רשאיות לשחוט על פי ההלכה. האם מותר לי לשחוט?","מחלוקת שו""ע-רמ""א","שו""ע יו""ד א:א","יו""ד","תשובה: כן
מקור: שו""ע יו""ד א:א

השולחן ערוך ביורה דעה סימן א סעיף א פוסק שהכל כשרים לשחוט, לרבות נשים. אמנם הרמ""א מוסיף שנהגו שלא לתת לנשים לשחוט, אך זהו מנהג ולא מדין, והשולחן ערוך עצמו קובע באופן ברור שנשים כשרות לשחוט מעיקר הדין.",כן,"שו""ע יו""ד א:א",False,True,True,True,False
"אתמול שחטתי עוף בחצר ביתי לארוחת ערב. תוך כדי השחיטה התחלתי לחשוב על דברים אחרים ולא התרכזתי כלל במעשה השחיטה, אך הקפדתי על כל הלכות השחיטה מבחינה טכנית. האם העוף כשר למאכל למרות שלא הייתה לי כוונה מיוחדת לשם שחיטה בזמן המעשה?",כן,"שו""ע יו""ד ג:א","יו""ד","תשובה: כן
מקור: שו""ע יו""ד כ""ח:ב

הסבר: השולחן ערוך ביורה דעה סימן כ""ח סעיף ב' פוסק שאם שחט בסכין כשרה כהלכה, אפילו בלא כוונה לשחיטה כלל, השחיטה כשרה. כל עוד בוצעה השחיטה בצורה טכנית נכונה ע""י אדם היודע הלכות שחיטה, אין צורך בכוונה מיוחדת לשם שחיטה בזמן מעשה השחיטה עצמו.",כן,"שו""ע יו""ד כ""ח:ב",True,True,False,False,False
"קניתי סכין יפני חדש מפלדה איכותית לבית ורציתי להשתמש בו לשחיטת תרנגולת שגידלתי בחצר לקראת החג. האם מותר לי לשחוט עם הסכין הזה, בהנחה שהוא חד מאוד ואין בו שום פגם?",כן,"שו""ע יו""ד ו:א","יו""ד","תשובה: לא
מקור: שו""ע יו""ד י""ח:א

בשולחן ערוך יורה דעה סימן י""ח סעיף א' מבואר שצריך לשחוט בסכין שנבדק על ידי חכם מומחה בהלכות שחיטה, וצריך שיהיה הסכין ללא פגימה. אמנם גם אם הסכין חד מאוד ואין בו פגם, אין להשתמש בו לשחיטה ללא הכשרה מיוחדת של השוחט, שכן שחיטה כשרה מצריכה מומחיות והסמכה של השוחט, ולא רק סכין כשר.",לא,"שו""ע יו""ד י""ח:א",False,True,False,True,False
"אני שוחט שקנה סכין חדש קטן יחסית, ואני לא בטוח אם הוא מספיק ארוך לשחיטה. האם אני יכול להשתמש בו אם אורך הסכין שווה בדיוק לאורך צוואר אחד של התרנגולת שאני מתכוון לשחוט?",לא,"שו""ע יו""ד ח:א","יו""ד","תשובה: לא
מקור: שו""ע יו""ד כ""ד:א",לא,"שו""ע יו""ד כ""ד:א",True,True,False,True,False
אני עובד בבית מטבחיים ולפעמים אנחנו נדרשים לשחוט בשעות מאוחרות בלילה. האם מותר לי מבחינה הלכתית לשחוט בהמה בלילה כאשר המקום מואר היטב באמצעות תאורה חשמלית חזקה?,כן,"שו""ע יו""ד יא:א","יו""ד","תשובה: כן
מקור: שו""ע יו""ד י""א:א",כן,"שו""ע יו""ד י""א:א",True,True,True,True,True
"אני שוחט במקצועי וביום שבת שחטתי כמה עופות בשוגג כי התבלבלתי בתאריך וחשבתי שהיום יום חול. כמובן שאני מצטער מאוד על חילול השבת, אבל רציתי לדעת האם העופות ששחטתי כשרים לאכילה או שהם נאסרו בגלל שנשחטו בשבת?",כן,"שו""ע יו""ד יא:ב","יו""ד","תשובה: לא
מקור: שו""ע או""ח שי""ח:א",לא,"שו""ע או""ח שי""ח:א",False,False,False,False,False
"בנסיעה לים, תפסתי דג גדול ורציתי להכין אותו לארוחת ערב. חבר דתי שהיה איתי אמר לי שעליי לשחוט את הדג לפי כללי השחיטה היהודית כדי שיהיה כשר. האם הוא צודק?",לא,"שו""ע יו""ד יג:א","יו""ד","תשובה: לא
מקור: שו""ע יו""ד י""ג:א",לא,"שו""ע יו""ד י""ג:א",True,True,True,True,True
"אני שוחט בקהילה הקטנה שלנו, והיום הייתי צריך לשחוט מספר תרנגולות לשבת. מרוב לחץ, שחטתי שלוש תרנגולות ברצף ורק אחר כך בדקתי את הסכין. חבר אמר לי שהייתי צריך לבדוק את הסכין בין כל שחיטה. האם הוא צודק?",כן,"שו""ע יו""ד יח:יא","יו""ד","תשובה: כן
מקור: שו""ע יו""ד י""ח:ט",כן,"שו""ע יו""ד י""ח:ט",True,True,True,False,False
"כבעל שמחה משפחתית, הזמנתי שוחט לאירוע שלנו כדי לשחוט כמה תרנגולות, כבש וברווז לסעודה החגיגית. האם השוחט צריך לברך ברכה נפרדת לפני שחיטת כל סוג בעל חיים, או שמספיקה ברכה אחת לכל השחיטות?",כן (מספיקה ברכה אחת),"שו""ע יו""ד יט:ב","יו""ד","תשובה: לא
מקור: שו""ע יו""ד י""ט:ו

על פי השולחן ערוך ביורה דעה סימן י""ט סעיף ו', אם השוחט שוחט כמה בהמות או עופות ברצף, אפילו ממינים שונים, די בברכה אחת לכולם. אין צורך לברך ברכה נפרדת לכל סוג בעל חיים, כל עוד לא הפסיק בין שחיטה לשחיטה.",לא,"שו""ע יו""ד י""ט:ו",False,True,True,False,False
"אני מנהל מסעדה כשרה למהדרין. לאחרונה, השוחט שלנו התחיל לקצר תהליכים ולא בודק את הריאה של כל בהמה אם אין סימנים חיצוניים לבעיה. הוא טוען שמספיק לבדוק רק אם יש סימן חיצוני לבעיה. האם הוא צודק מבחינה הלכתית?",לא,"שו""ע יו""ד לט:א","יו""ד","תשובה: לא
מקור: שו""ע יו""ד ל""ט:א",לא,"שו""ע יו""ד ל""ט:א",True,True,True,True,True
"קניתי עגל בשוק והלכתי לשוחט שישחט אותו עבורי. האם אני מחויב על פי ההלכה להפריש חלק מבשר העגל (הזרוע, הלחיים והקיבה) ולתת אותם לחבר שלי שהוא כהן?",כן,"שו""ע יו""ד סא:א","יו""ד","תשובה: כן
מקור: שו""ע יו""ד של""א:א",כן,"שו""ע יו""ד של""א:א",True,True,False,True,False
"קניתי חבילת בשר כשר מהסופרמרקט השכונתי (שמוכר רק בשר כשר) והשארתי אותה על השיש במטבח בזמן שיצאתי לסידורים לכמה שעות. כשחזרתי, אני לא בטוח אם זו אותה חבילת בשר שקניתי כי אינה נראית מסומנת באופן מיוחד. האם מותר לי להשתמש בבשר זה?",לא,"שו""ע יו""ד סג:א","יו""ד","תשובה: כן
מקור: שו""ע יו""ד ס""ג:ב

על פי השולחן ערוך ביורה דעה סימן ס""ג סעיף ב', בשר שנמצא ביד ישראל או בביתו (כמו במקרה שלך), אפילו באיזור שרוב הטבחים גויים, הבשר מותר ואין חוששים שהוחלף בבשר אחר. במקרה שלך, הבשר נמצא בביתך, וקנית אותו ממקום שמוכר רק בשר כשר, ולכן מותר להשתמש בו.",כן,"שו""ע יו""ד ס""ג:ב",False,True,True,False,False
הכנתי חביתה לארוחת בוקר ובזמן שבירת הביצה לקערה הבחנתי בנקודת דם קטנה בחלק הלבן של הביצה. האם מותר לי להסיר את נקודת הדם ולהשתמש בשאר הביצה להכנת החביתה?,כן,"שו""ע יו""ד סו:ג","יו""ד","תשובה: כן
מקור: שו""ע יו""ד ס""ו:ג",כן,"שו""ע יו""ד ס""ו:ג",True,True,True,True,True
"שמתי בשר במלח כדי להכשירו, והוא שהה שם כ-20 דקות בלבד. לפתע הודיעו לי שאורחים חשובים מגיעים בהקדם ואני צריך לזרז את הכנת הארוחה. האם מותר לי להסיר את המלח ולהמשיך בבישול הבשר למרות שלא עברה שעה שלמה?",כן,"שו""ע יו""ד סט:ו","יו""ד","תשובה: כן
מקור: שו""ע יו""ד ס""ט:ו",כן,"שו""ע יו""ד ס""ט:ו",True,True,True,True,True
הכנתי תבשיל ולתוכו הכנסתי חתיכת בשר ששכחתי למלוח אותה קודם. שמתי לב לכך רק לאחר הבישול. בדקתי ומצאתי שיש פי שישים בתבשיל ביחס לחתיכת הבשר שלא נמלחה. האם מותר לי לאכול גם את חתיכת הבשר עצמה?,"מחלוקת שו""ע-רמ""א","שו""ע יו""ד סט:יא","יו""ד","תשובה: מחלוקת שו""ע-רמ""א
מקור: שו""ע יו""ד ס""ט:יא","מחלוקת שו""ע-רמ""א","שו""ע יו""ד ס""ט:יא",True,True,True,True,True
"בישלתי ארוחת ערב ושמתי בסיר כבד עוף שרק מלחתי אותו (כמו שאר הבשר) בלי לצלות אותו קודם. לאחר שהתבשיל היה מוכן, נזכרתי שאולי הייתי צריך לטפל בכבד אחרת. האם התבשיל כשר לאכילה?","מחלוקת שו""ע-רמ""א","שו""ע יו""ד עג:א","יו""ד","תשובה: לא
מקור: שו""ע יו""ד ע""ג:א",לא,"שו""ע יו""ד ע""ג:א",False,True,True,True,False
"קניתי דג מסוג לא מוכר בשוק והמוכר אמר שהוא כשר, אבל כשהגעתי הביתה לא הצלחתי לראות קשקשים על העור שלו. שמתי את הדג בקערה מלאה מים וראיתי שיש כמה קשקשים קטנים שצפים במים. האם מותר לי לאכול את הדג?",כן,"שו""ע יו""ד פג:ב","יו""ד","תשובה: כן
מקור: שו""ע יו""ד פ""ג:א",כן,"שו""ע יו""ד פ""ג:א",True,True,True,False,False
"אני מתארח אצל חברים לארוחת ערב, והם הכינו מגש עם נקניקיות עוף ומגש עם גבינות שונות. האם מותר לי לאכול מהמגשים כשהם מונחים יחד על אותו שולחן האוכל, או שיש בכך בעיה הלכתית?",לא,"שו""ע יו""ד פח:א","יו""ד","תשובה: כן
מקור: שו""ע יו""ד פ""ח:א-ב

ההלכה מתירה להניח בשר ומוצרי חלב על אותו שולחן. השולחן ערוך ביו""ד סימן פ""ח סעיפים א-ב קובע שאין איסור בהנחת בשר וגבינה על אותו שולחן, כל עוד שני אנשים שאינם מכירים זה את זה אינם אוכלים יחד ממאכלים אלו (או שיש היכר ביניהם). במקרה שלך, מדובר רק בהנחת המגשים על אותו שולחן, ולא באכילה משותפת של אדם אחד משניהם בו-זמנית, ולכן הדבר מותר.",כן,"שו""ע יו""ד פ""ח:א-ב",False,True,True,True,False
"אתמול בצהריים אכלתי חזה עוף בארוחת הצהריים, ואחרי כחמש שעות רציתי לאכול פיצה עם גבינה לארוחת ערב. האם מותר לי לאכול את הפיצה, או שעליי להמתין עוד זמן לאחר אכילת העוף?","מחלוקת שו""ע-רמ""א","שו""ע יו""ד פט:א","יו""ד","תשובה: כן
מקור: שו""ע יו""ד פ""ט:א",כן,"שו""ע יו""ד פ""ט:א",False,True,True,True,False
"אני אוהב לאפות חלות לשבת. שקלתי להכין השבוע מתכון מיוחד של חלות עם חלב במקום מים, כדי שיהיו רכות ועשירות יותר. האם מותר לי מבחינה הלכתית להכין את החלות בצורה כזו?",לא,"שו""ע יו""ד צז:א","יו""ד","תשובה: לא
מקור: שו""ע יו""ד צ""ז:א",לא,"שו""ע יו""ד צ""ז:א",True,True,True,True,True
"אני גר באזור מרוחק שבו יש רק מאפייה אחת שבבעלות לא-יהודית. אין באזור מאפיית יהודים כלל, ואני מתלבט האם מותר לי לקנות לחם מהמאפייה הזו לארוחת הבוקר שלי, או שעליי להימנע מכך?","מחלוקת שו""ע-רמ""א","שו""ע יו""ד קיב:ב","יו""ד","תשובה: לא
מקור: שו""ע יו""ד קי""ב:א-ב

המקורות מציינים את איסור פת עכו""ם (פת של נכרים). השולחן ערוך ביו""ד סימן קי""ב סעיפים א-ב אוסר אכילת פת של נכרים, אפילו כאשר אין חשש של מאכלות אסורות. אמנם הרמ""א מקל במקום שאין פת ישראל מצוי, אך מכיוון שלא ציינת שאין באפשרותך להכין לחם בעצמך או להביא ממקום אחר, התשובה על פי עיקר הדין בשו""ע היא ""לא"".",לא,"שו""ע יו""ד קי""ב:א-ב",False,True,True,False,False
